[{
  "_id": {
    "$oid": "677e06dfcb04afa2a3b805c8"
  },
  "name": "Ulysse Nardin",
  "price": 50399,
  "image_url": "http://192.168.29.32:5000/uploads/smartwatches/watch7.jpg",
  "description": "Luxury marine chronometer with exquisite craftsmanship.",
  "smartwatch_id": "677cfadb706939b23e5caf33"
},
{
  "_id": {
    "$oid": "677e0729cb04afa2a3b805c9"
  },
  "name": "Hublot Classic",
  "price": 15999,
  "image_url": "http://192.168.29.32:5000/uploads/smartwatches/watch6.jpg",
  "description": "Luxury marine chronometer with exquisite craftsmanship.",
  "smartwatch_id": "677cfb0b706939b23e5caf34"
},
{
  "_id": {
    "$oid": "677e0781cb04afa2a3b805ca"
  },
  "name": "H. Moser & Cie. Streamliner",
  "price": 30000,
  "image_url": "http://192.168.29.32:5000/uploads/smartwatches/watch5.jpg",
  "description": "Elegant timepiece with a minimalistic yet sophisticated design.",
  "smartwatch_id": "677cfb40706939b23e5caf35"
},
{
  "_id": {
    "$oid": "677e07d4cb04afa2a3b805cb"
  },
  "name": "Frederique Constant Manufacture",
  "price": 20999,
  "image_url": "http://192.168.29.32:5000/uploads/smartwatches/watch4.jpg",
  "description": "Swiss-made watch with a blend of tradition and innovation.",
  "smartwatch_id": "677cfb6b706939b23e5caf36"
},
{
  "_id": {
    "$oid": "677e0831cb04afa2a3b805cc"
  },
  "name": "Huawei Watch GT 5 (46mm)",
  "price": 10399,
  "image_url": "http://192.168.29.32:5000/uploads/smartwatches/watch3.jpg",
  "description": "Smartwatch with fitness tracking and extended battery life.",
  "smartwatch_id": "677cfba1706939b23e5caf37"
},
{
  "_id": {
    "$oid": "677e0898cb04afa2a3b805cd"
  },
  "name": "Redmi Watch 5 Lite",
  "price": 40500,
  "image_url": "http://192.168.29.32:5000/uploads/smartwatches/watch2.jpg",
  "description": "Lightweight smartwatch with essential features.",
  "smartwatch_id": "677cfbc8706939b23e5caf38"
},
{
  "_id": {
    "$oid": "677e08f5cb04afa2a3b805ce"
  },
  "name": "Compare Amazfit",
  "price": 37399,
  "image_url": "http://192.168.29.32:5000/uploads/smartwatches/watch1.jpg",
  "description": "Smartwatch with advanced features and elegant design.",
  "smartwatch_id": "677cfbf8706939b23e5caf39"
}]